lifecycleCost,redundancyRate,topsisScore
4518283,0.2150262,0.5000556
4456744,0.2562164,0.08189461
4581585,0.1738359,0.9181054
