模型,特征组,是否使用滞后特征,特征数量,均方根误差_kW,平均绝对误差_kW,平均绝对百分比误差_百分比,决定系数R2
含滞后特征的LSTM,含滞后特征,1,10,16.0666618347168,11.7925977706909,5.17994165420532,0.974542438983917
含滞后特征的BP,含滞后特征,1,10,11.6003680184295,9.02545602240127,4.1285140318613,0.986728849463441
不含滞后特征的LSTM,不含滞后特征,0,6,23.8601131439209,18.4979038238525,8.70240688323975,0.943855106830597
不含滞后特征的BP,不含滞后特征,0,6,25.4728868872627,19.7057481409418,8.8002745909167,0.936008634873975
