模型,均方根误差_kW,平均绝对误差_kW,平均绝对百分比误差_百分比,决定系数R2
LSTM,8.768032,6.813108,3.609267,0.9771137
BP,15.85509,12.07749,6.507778,0.9251643
