模型,均方根误差_kW,平均绝对误差_kW,平均绝对百分比误差_百分比,决定系数R2
LSTM,16.06666,11.7926,5.179942,0.9745424
BP,24.92681,19.83526,9.321918,0.9386638
