模型,均方根误差_kW,平均绝对误差_kW,平均绝对百分比误差_百分比,决定系数R2
LSTM,9.474063,7.138127,3.808736,0.9715011
BP,22.20979,15.85881,8.589029,0.8433812
