分项负荷,平均负荷_kW,占比
人员负荷,10.2861598173516,0.0646308586521896
新风负荷,8.28801141552512,0.0520759256920094
围护结构负荷,79.5707431506863,0.499965540565145
设备负荷,50.8634392123287,0.319589410301681
