模型,均方根误差_kW,平均绝对误差_kW,平均绝对百分比误差_百分比,决定系数R2
LSTM,9.575445,7.200634,3.860934,0.9708879
BP,22.40599,16.03083,8.670981,0.8406017
