component,meanLoadKw,ratio
people_load_kw,10.0248807077626,0.0650903966805991
fresh_air_load_kw,9.55944463470319,0.0620683738248618
envelope_load_kw,81.9395764840184,0.532024239755306
equipment_load_kw,51.1214229452051,0.331925515662592
