方案,总制冷容量_kW,生命周期成本,综合冗余率,初投资,年能耗_kWh,年冷机能耗_kWh,年风机能耗_kWh,年水泵能耗_kWh,平均冷机负荷率,平均COP,成本降低率,冗余降低率,节能率
基准方案,760,2919797,0.3367578,1083400,163533.8,132586.2,16210.62,14736.93,0.5231292,4.681802,0,0,0
优化方案,640,2587542,0.1379904,918270,151390.7,125232.7,12894.81,13263.24,0.781045,5.062804,0.1137937,0.5902384,0.07425407
