subsystem,demandValue,baselineCapacity,optimizedCapacity,baselineRedundancy,optimizedRedundancy,reductionRate
chiller,423.373077392578,600,450,0.417189783760488,0.0628923378203657,0.849247655938591
fan,27.8605995178223,40,35,0.435719284303707,0.256254373765744,0.411881954742384
pump,25.4158344268799,36,28,0.416439822330848,0.101675417368438,0.755846074471572
ahu,123999.3125,180000,135000,0.451620951527453,0.0887157136455898,0.803561563418306
