分项负荷,平均负荷_kW,占比
人员负荷,17.9212748287671,0.101557653193887
新风负荷,53.2496817922375,0.301759376373167
围护结构负荷,18.4617930936055,0.104620703507546
设备负荷,85.3618242009137,0.48373492516717
