subsystem,unit,P50,P90,P95,P99,maxDemand
total,kW,135.22102355957,272.853302001953,316.113159179688,399.096038818359,548.3681640625
chiller,kW,131.784301757812,276.081268310547,321.435943603516,408.437194824219,564.937683105469
fan,kW,18.5319385528564,22.961088180542,24.353235244751,27.0237102508545,31.8274421691895
pump,kW,16.041015625,20.5437488555908,21.9590244293213,24.6738662719727,29.5574054718018
ahu,m3_per_h,40295.86328125,81310.28125,94201.71875,118930.6171875,163413.71875
