情景,分位数,总冷负荷_kW,冷机需求_kW,风机需求_kW,水泵需求_kW,AHU风量需求_m3_h
典型情景,0.5,173.264801025391,165.105987548828,19.2442493438721,17.2909755706787,51632.91015625
峰值情景,0.95,428.522003173828,415.39599609375,26.8062438964844,25.790735244751,127699.5546875
极端情景,0.99,556.261474609375,540.649719238281,30.5905265808105,30.0443077087402,165765.921875
