情景,分位数,总冷负荷_kW,冷机需求_kW,风机需求_kW,水泵需求_kW,AHU风量需求_m3_h
典型情景,0.5,132.80290222168,129.249084472656,18.4541206359863,15.9619054794312,39575.265625
峰值情景,0.95,316.466766357422,321.806671142578,24.3646144866943,21.9705924987793,94307.09375
极端情景,0.99,403.718353271484,413.283355712891,27.1724624633789,24.8250885009766,120308.0703125
