subsystem,demandValue,baselineCapacity,optimizedCapacity,baselineRedundancy,optimizedRedundancy,reductionRate
chiller,417.9113,560,480,0.3399974,0.1485692,0.5630284
fan,27.66522,36,32,0.3012728,0.156687,0.4799167
pump,25.25959,36,28,0.4252011,0.1084897,0.7448508
ahu,121753.9,160000,135000,0.3141264,0.1087941,0.6536613
