model,RMSE,MAE,MAPE,R2
LSTM,13.28134,10.6892,5.686351,0.9557328
BP,17.87107,14.32758,7.639205,0.9194493
