model,RMSE,MAE,MAPE,R2
LSTM,9.474063,7.138127,3.808736,0.9715011
BP,22.20979,15.85881,8.589029,0.8433812
