model,RMSE,MAE,MAPE,R2
LSTM,18,12,4.902689,0.94
BP,30,22,8,0.8894063
