模型,是否使用聚类标签,特征数量,均方根误差_kW,平均绝对误差_kW,平均绝对百分比误差_百分比,决定系数R2
不含聚类标签的LSTM,0,10,9.058541,6.723661,3.595723,0.9739462
含聚类标签的LSTM,1,11,8.869507,6.678186,3.57236,0.9750222
