模型,是否使用聚类标签,特征数量,均方根误差_kW,平均绝对误差_kW,平均绝对百分比误差_百分比,决定系数R2
不含聚类标签的LSTM,0,10,13.00657,9.765138,4.405831,0.9833164
含聚类标签的LSTM,1,11,12.86915,9.807835,4.396821,0.983667
