模型,是否使用聚类标签,特征数量,均方根误差_kW,平均绝对误差_kW,平均绝对百分比误差_百分比,决定系数R2
不含聚类标签的LSTM,0,10,10.26375,7.670058,4.09498,0.9665523
含聚类标签的LSTM,1,11,9.398502,7.057322,3.744302,0.9719539
