scenario,quantile,totalCoolingLoadKw,chillerDemandKw,fanDemandKw,pumpDemandKw,ahuDemand
typical,0.5,135.22102355957,131.784301757812,18.5319385528564,16.041015625,40295.86328125
peak,0.95,316.113159179688,321.435943603516,24.353235244751,21.9590244293213,94201.71875
extreme,0.99,399.096038818359,408.437194824219,27.0237102508545,24.6738662719727,118930.6171875
