方案,总制冷容量_kW,生命周期成本,综合冗余率,初投资,年能耗_kWh,年冷机能耗_kWh,年风机能耗_kWh,年水泵能耗_kWh,平均冷机负荷率,平均COP,成本降低率,冗余降低率,节能率
基准方案,560,2173838,0.3335373,802120,122447.4,95922.91,13262.25,13262.25,0.5156604,4.69077,0,0,0
优化方案,480,1938837,0.1405217,685900,113769.8,90929.2,11788.68,11051.89,0.759603,5.045808,0.1081045,0.5786928,0.07086831
