model,RMSE,MAE,MAPE,R2
LSTM,11.02247,8.030155,5.401204,0.9737264
BP,7.829129,5.898261,4.240396,0.9867882
