component,meanLoadKw,ratio
people_load_kw,10.0401008064516,0.0580023384504801
fresh_air_load_kw,18.253686155914,0.10545277410998
envelope_load_kw,88.5231418010752,0.511404151255775
equipment_load_kw,51.1540994623656,0.295520677266414
