模型,特征组,是否使用滞后特征,特征数量,均方根误差_kW,平均绝对误差_kW,平均绝对百分比误差_百分比,决定系数R2
含滞后特征的LSTM,含滞后特征,1,10,9.5754451751709,7.20063400268555,3.86093401908875,0.970887899398804
含滞后特征的BP,含滞后特征,1,10,8.99825223048526,6.87760879631297,3.68091269879827,0.974291811893899
不含滞后特征的LSTM,不含滞后特征,0,6,18.9235610961914,12.7665033340454,6.91493892669678,0.886299908161163
不含滞后特征的BP,不含滞后特征,0,6,22.4481367688767,16.0779440404609,8.69581948207861,0.840001561972704
