方案,总制冷容量_kW,生命周期成本,综合冗余率,初投资,年能耗_kWh,年冷机能耗_kWh,年风机能耗_kWh,年水泵能耗_kWh,平均冷机负荷率,平均COP,成本降低率,冗余降低率,节能率
基准方案,600,2357454,0.3346528,866720,133277.1,106186.5,14258.24,12832.41,0.5209714,4.704891,0,0,0
优化方案,540,2152620,0.1585747,775440,124165,101351.8,11406.61,11406.61,0.6971815,5.01142,0.086888,0.5261515,0.06836975
