subsystem,unit,P50,P90,P95,P99,maxDemand
total,kW,123.395629882812,265.136291503906,325.149017333984,416.105072021484,505.937713623047
chiller,kW,119.022346496582,266.400146484375,328.799652099609,423.373077392578,516.778442382812
fan,kW,18.3728790283203,22.9671802520752,24.9123992919922,27.8605995178223,30.7723846435547
pump,kW,15.7726783752441,20.4422492980957,22.4193363189697,25.4158344268799,28.3753223419189
ahu,m3_per_h,36771.8984375,79010.6171875,96894.40625,123999.3125,150769.4375
