情景,分位数,总冷负荷_kW,冷机需求_kW,风机需求_kW,水泵需求_kW,AHU风量需求_m3_h
典型情景,0.5,135.22102355957,131.784301757812,18.5319385528564,16.041015625,40295.86328125
峰值情景,0.95,316.113159179688,321.435943603516,24.353235244751,21.9590244293213,94201.71875
极端情景,0.99,399.096038818359,408.437194824219,27.0237102508545,24.6738662719727,118930.6171875
