subsystem,demandValue,baselineCapacity,optimizedCapacity,baselineRedundancy,optimizedRedundancy,reductionRate
chiller,408.437194824219,560,450,0.371079830868514,0.101760578376484,0.725771734512455
fan,27.0237102508545,35,30,0.295158942835886,0.110136236716474,0.626857869667491
pump,24.6738662719727,32,28,0.296918757979538,0.134803913232096,0.54599057954639
ahu,118930.6171875,160000,129000,0.345322203682439,0.0846660267189661,0.754820206126028
