模型,是否使用聚类标签,特征数量,均方根误差_kW,平均绝对误差_kW,平均绝对百分比误差_百分比,决定系数R2
不含聚类标签的LSTM,0,10,8.609342,6.65937,3.529121,0.9779346
含聚类标签的LSTM,1,11,8.591568,6.616069,3.498649,0.9780256
