情景,分位数,总冷负荷_kW,冷机需求_kW,风机需求_kW,水泵需求_kW,AHU风量需求_m3_h
典型情景,0.5,146.015243530273,138.386688232422,18.4369812011719,16.3835964202881,43512.54296875
峰值情景,0.95,364.207305908203,352.332824707031,24.9009208679199,23.649133682251,108533.7734375
极端情景,0.99,459.979675292969,446.241516113281,27.7381782531738,26.8382396697998,137073.9375
