模型,特征组,是否使用滞后特征,特征数量,均方根误差_kW,平均绝对误差_kW,平均绝对百分比误差_百分比,决定系数R2
含滞后特征的LSTM,含滞后特征,1,10,8.76803207397461,6.81310796737671,3.60926723480225,0.977113723754883
含滞后特征的BP,含滞后特征,1,10,7.97319887925356,6.21814315208253,3.29893932821535,0.981074965889432
不含滞后特征的LSTM,不含滞后特征,0,6,12.604772567749,9.55462837219238,5.07707118988037,0.952702164649963
不含滞后特征的BP,不含滞后特征,0,6,16.6246849497718,12.5115803726501,6.74911037125819,0.917723023381817
