component,meanLoadKw,ratio
people_load_kw,10.2861598173516,0.0646308586521896
fresh_air_load_kw,8.28801141552512,0.0520759256920094
envelope_load_kw,79.5707431506863,0.499965540565145
equipment_load_kw,50.8634392123287,0.319589410301681
