component,meanLoadKw,ratio
people_load_kw,14.0059912634409,0.0884253217194347
fresh_air_load_kw,22.1248420698925,0.139682814391625
envelope_load_kw,68.5873924731183,0.433019136686414
equipment_load_kw,42.5915524193548,0.268897192235316
