model,RMSE,MAE,MAPE,R2
LSTM,14.91728,11.81581,6.291574,0.9441559
BP,18.16682,14.49779,7.717659,0.9167612
