scenario,quantile,totalCoolingLoadKw,chillerDemandKw,fanDemandKw,pumpDemandKw,ahuDemand
typical,0.5,123.395629882812,119.022346496582,18.3728790283203,15.7726783752441,36771.8984375
peak,0.95,325.149017333984,328.799652099609,24.9123992919922,22.4193363189697,96894.40625
extreme,0.99,416.105072021484,423.373077392578,27.8605995178223,25.4158344268799,123999.3125
